{
    "additional_cooling_fan_speed": [
        "70"
    ],
    "bed_temperature_difference": [
        "10"
    ],
    "close_fan_the_first_x_layers": [
        "1"
    ],
    "compatible_printers": [
        "Bambu Lab X1 0.4 nozzle",
        "Bambu Lab X1 0.6 nozzle",
        "Bambu Lab X1 0.8 nozzle",
        "Bambu Lab X1 Carbon 0.4 nozzle",
        "Bambu Lab X1 Carbon 0.6 nozzle",
        "Bambu Lab X1 Carbon 0.8 nozzle"
    ],
    "compatible_printers_condition": "",
    "compatible_prints": [],
    "compatible_prints_condition": "",
    "cool_plate_temp": [
        "30"
    ],
    "cool_plate_temp_initial_layer": [
        "30"
    ],
    "default_filament_colour": [
        ""
    ],
    "enable_overhang_bridge_fan": [
        "1"
    ],
    "eng_plate_temp": [
        "30"
    ],
    "eng_plate_temp_initial_layer": [
        "30"
    ],
    "fan_cooling_layer_time": [
        "100"
    ],
    "fan_max_speed": [
        "100"
    ],
    "fan_min_speed": [
        "100"
    ],
    "filament_cost": [
        "20"
    ],
    "filament_density": [
        "1.24"
    ],
    "filament_deretraction_speed": [
        "nil"
    ],
    "filament_diameter": [
        "1.75"
    ],
    "filament_end_gcode": [
        "; filament end gcode \nM106 P3 S0\n"
    ],
    "filament_flow_ratio": [
        "1"
    ],
    "filament_is_support": [
        "0"
    ],
    "filament_max_volumetric_speed": [
        "3.2"
    ],
    "filament_minimal_purge_on_wipe_tower": [
        "15"
    ],
    "filament_retract_before_wipe": [
        "nil"
    ],
    "filament_retract_restart_extra": [
        "nil"
    ],
    "filament_retract_when_changing_layer": [
        "nil"
    ],
    "filament_retraction_length": [
        "2"
    ],
    "filament_retraction_minimum_travel": [
        "nil"
    ],
    "filament_retraction_speed": [
        "35"
    ],
    "filament_settings_id": [
        "3DEx TPU 95A"
    ],
    "filament_soluble": [
        "0"
    ],
    "filament_start_gcode": [
        "; filament start gcode\n{if (bed_temperature[current_extruder] >35)||(bed_temperature_initial_layer[current_extruder] >35)}M106 P3 S255\n{elsif (bed_temperature[current_extruder] >30)||(bed_temperature_initial_layer[current_extruder] >30)}M106 P3 S180\n{endif}"
    ],
    "filament_type": [
        "TPU"
    ],
    "filament_vendor": [
        "Generic"
    ],
    "filament_wipe": [
        "nil"
    ],
    "filament_wipe_distance": [
        "nil"
    ],
    "filament_z_hop": [
        "nil"
    ],
    "from": "",
    "full_fan_speed_layer": [
        "0"
    ],
    "hot_plate_temp": [
        "35"
    ],
    "hot_plate_temp_initial_layer": [
        "35"
    ],
    "inherits": "Generic TPU",
    "name": "3DEx TPU 95A",
    "nozzle_temperature": [
        "225"
    ],
    "nozzle_temperature_initial_layer": [
        "225"
    ],
    "nozzle_temperature_range_high": [
        "250"
    ],
    "nozzle_temperature_range_low": [
        "200"
    ],
    "overhang_fan_speed": [
        "100"
    ],
    "overhang_fan_threshold": [
        "95%"
    ],
    "reduce_fan_stop_start_freq": [
        "1"
    ],
    "required_nozzle_HRC": [
        "3"
    ],
    "slow_down_for_layer_cooling": [
        "1"
    ],
    "slow_down_layer_time": [
        "8"
    ],
    "slow_down_min_speed": [
        "10"
    ],
    "temperature_vitrification": [
        "35"
    ],
    "textured_plate_temp": [
        "35"
    ],
    "textured_plate_temp_initial_layer": [
        "35"
    ],
    "version": "1.3.0.2"
}
